total_inner_iterations,totim,kper,kstp,nouter,ninner,solution_inner_dvmax,solution_inner_dvmax_model,solution_inner_dvmax_node,solution_inner_rmax,solution_inner_rmax_model,solution_inner_rmax_node,solution_inner_alpha,solution_inner_omega
1,1.000000000000000,1,1,1,1,-32.62646384790713,1,345,6055.567563889341,1,372,1.015477,1.203928
2,1.000000000000000,1,1,1,2,-6.951164065880297,1,144,1615.531402168604,1,30,2.079936,0.9479286
3,1.000000000000000,1,1,1,3,-4.095723933459866,1,144,1157.801826799084,1,983,2.528771,1.246397
4,1.000000000000000,1,1,1,4,-2.937407967878030,1,536,922.1890406762614,1,983,2.297860,1.738384
5,1.000000000000000,1,1,1,5,-4.185964267486999,1,536,406.2080954202578,1,37,3.380138,1.189318
6,1.000000000000000,1,1,1,6,49.58724350406555,1,536,6781.638735552779,1,983,-69.14507,0.8747491
7,1.000000000000000,1,1,1,7,-53.12685757962213,1,536,63.92075337764018,1,29,-0.3628734E-01,7.792018
8,1.000000000000000,1,1,1,8,-.6036208911008640,1,192,51.01945425680464,1,388,6.073638,0.8498337
9,1.000000000000000,1,1,1,9,-.1893434435827948,1,139,28.48045982626480,1,1200,0.5013397,9.820493
10,1.000000000000000,1,1,1,10,-.1298393098557571,1,156,-10.95438785496048,1,1178,3.821718,3.826775
11,1.000000000000000,1,1,1,11,-.4541120406288161E-01,1,139,7.896585960544172,1,1200,3.114669,0.8355464
12,1.000000000000000,1,1,1,12,.1734100670334678E-01,1,139,8.456309445763482,1,387,-3.396056,1.651846
13,1.000000000000000,1,1,1,13,-.8178589086119992E-01,1,574,4.545963760427565,1,387,-0.8594582,7.640243
14,1.000000000000000,1,1,1,14,-.1303449249156701E-01,1,895,1.325733185610414,1,387,2.915850,1.026893
15,1.000000000000000,1,1,1,15,-.1024825796280014E-01,1,574,.5956834337196152,1,1200,2.987239,0.9535576
16,1.000000000000000,1,1,1,16,-.1206313635379097E-01,1,574,-.3085419049797555,1,1204,7.564647,0.8805838
17,1.000000000000000,1,1,1,17,.5520038846292845E-02,1,574,.7750198971003418E-01,1,388,0.3062470,5.666399
18,1.000000000000000,1,1,1,18,-.8636242081707402E-03,1,574,.1586228833246264E-01,1,1178,2.941757,1.986748
19,1.000000000000000,1,1,1,19,-.1051979014087882E-03,1,557,.3396049603550332E-02,1,1200,1.643439,1.000055
20,1.000000000000000,1,1,1,20,-.2988507052581256E-04,1,156,.6119667821036562E-03,1,1204,1.410249,2.788508
21,1.000000000000000,1,1,1,21,-.9941527579286842E-05,1,557,.2424649988863741E-03,1,1176,3.703486,0.8255933
22,1.000000000000000,1,1,1,22,.2085976864081743E-05,1,557,-.9665627108161029E-04,1,1176,0.5256736,4.106403
23,1.000000000000000,1,1,1,23,-.8512320484269437E-06,1,557,.2680473083125901E-04,1,1200,3.399218,0.7556159
24,1.000000000000000,1,1,2,1,-3.015622140888557,1,92,454.6796821517873,1,31,1.010496,1.056160
25,1.000000000000000,1,1,2,2,-3.005720540815100,1,436,288.6558449933020,1,30,7.942790,0.9507613
26,1.000000000000000,1,1,2,3,-4.145479100223090,1,848,121.7069147075636,1,1200,2.635262,2.084957
27,1.000000000000000,1,1,2,4,-2.651201483442026,1,536,-135.2112469524669,1,1178,3.768252,0.9386066
28,1.000000000000000,1,1,2,5,.2709774693799544,1,1110,89.86551428111176,1,1200,0.5200687,3.603564
29,1.000000000000000,1,1,2,6,-.5600173814383688,1,895,69.70179787803248,1,1200,5.243921,1.154533
30,1.000000000000000,1,1,2,7,-.4447395305509776E-01,1,895,67.57070354309251,1,1200,-0.4853869,1.357160
31,1.000000000000000,1,1,2,8,-1.357141476787443,1,895,-59.08156248338264,1,1178,-14.19904,15.34372
32,1.000000000000000,1,1,2,9,-.3949053930908219,1,557,13.04964626684622,1,10,4.182891,0.8212300
33,1.000000000000000,1,1,2,10,-.3868111656346170,1,895,-2.554616188093601,1,27,5.086069,0.8586138
34,1.000000000000000,1,1,2,11,.6870853529660852E-01,1,574,2.497609642750721,1,1197,0.4028231,5.559672
35,1.000000000000000,1,1,2,12,-.4942487502958819E-01,1,895,-.5843064498555434,1,31,2.658695,1.409777
36,1.000000000000000,1,1,2,13,-.1039269644828776E-01,1,156,-.4694170280795609,1,1205,1.877470,3.368033
37,1.000000000000000,1,1,2,14,-.6133240612719703E-03,1,267,.1565600409717852,1,37,1.508616,1.258753
38,1.000000000000000,1,1,2,15,.2229127635848447E-03,1,3,.1309571160409020,1,37,-0.2224367,1.713795
39,1.000000000000000,1,1,2,16,.1181556255986122E-02,1,3,.5490130227025628E-01,1,37,-38.53646,0.9471438
40,1.000000000000000,1,1,2,17,.1170672445116615E-02,1,3,-.1841933098634274E-01,1,37,2.030714,0.9182963
41,1.000000000000000,1,1,2,18,.2163792337369227E-04,1,3,-.1842525866642879E-01,1,37,-1.360612,1.861760
42,1.000000000000000,1,1,2,19,-.1937345345453049E-03,1,3,-.3040943252060704E-02,1,1212,-1.724245,5.103634
43,1.000000000000000,1,1,2,20,-.1134249950286805E-04,1,74,.5659952507555089E-03,1,643,4.227468,0.7923426
44,1.000000000000000,1,1,2,21,.3523631516224630E-05,1,180,.4234938577905200E-03,1,1205,0.3866968,9.056075
45,1.000000000000000,1,1,2,22,-.4831224935423581E-06,1,74,.3230349065400203E-04,1,1176,2.882897,0.9167275
46,1.000000000000000,1,1,3,1,-1.011063422260904,1,393,132.2361770863812,1,37,1.030315,1.101044
47,1.000000000000000,1,1,3,2,-.9985408660107145,1,848,94.49829935197381,1,31,5.397489,1.052327
48,1.000000000000000,1,1,3,3,-1.592535434900878,1,848,-68.81909692840092,1,740,3.198625,1.872547
49,1.000000000000000,1,1,3,4,-1.102781549051217,1,536,30.68536146547697,1,1200,2.198409,1.772819
50,1.000000000000000,1,1,3,5,-.4299908664418538,1,536,28.24362612108029,1,1200,2.333065,1.328800
51,1.000000000000000,1,1,3,6,-.2213685033236685,1,302,27.17919702331679,1,1200,2.133442,2.379649
52,1.000000000000000,1,1,3,7,-.1802707320088500,1,156,26.01736294484004,1,1200,2.815503,1.035203
53,1.000000000000000,1,1,3,8,-.3799987088050173,1,156,18.94751276247094,1,1200,5.447600,1.061979
54,1.000000000000000,1,1,3,9,-.1185179665241381,1,895,12.08149530686093,1,1197,0.3018942,7.458653
55,1.000000000000000,1,1,3,10,-.2886801189578745,1,557,5.259378932754445,1,1197,13.37188,1.401381
56,1.000000000000000,1,1,3,11,-.1912337239011916,1,557,1.641898290620513,1,1200,3.605636,0.8629400
57,1.000000000000000,1,1,3,12,-.4584884854531318E-01,1,557,.6628022249093751,1,1200,1.786056,1.955509
58,1.000000000000000,1,1,3,13,-.1768085320858043E-01,1,557,.2042276431727306,1,1204,2.075099,1.046021
59,1.000000000000000,1,1,3,14,-.1941429598481864E-02,1,3,.1345417510257112,1,1100,0.4610503,7.483141
60,1.000000000000000,1,1,3,15,-.3821110702365309E-02,1,574,.3527815800751729E-01,1,1204,8.132812,0.8137104
61,1.000000000000000,1,1,3,16,-.2229845242123788E-03,1,3,.4375962755168939E-01,1,1200,0.3256472,5.157502
62,1.000000000000000,1,1,3,17,-.1208510358474408E-02,1,574,.4426810018629382E-02,1,1200,10.16031,0.8802937
63,1.000000000000000,1,1,3,18,-.1923704076855572E-03,1,574,-.6947505789135175E-03,1,1205,1.883553,1.106783
64,1.000000000000000,1,1,3,19,-.1055889396258989E-04,1,302,-.7284304866806464E-03,1,1197,0.7965270,7.221451
65,1.000000000000000,1,1,3,20,.7896219358983940E-05,1,557,-.3080337467008490E-03,1,1200,2.811895,0.9180954
66,1.000000000000000,1,1,3,21,.9736916194717298E-05,1,557,-.4240190742408262E-04,1,1204,2.414995,1.002624
67,1.000000000000000,1,1,3,22,.5422928217456698E-06,1,3,-.1974082130042678E-04,1,1204,0.8076293,2.544037
68,1.000000000000000,1,1,4,1,-.2836072260128233,1,393,39.30973658363050,1,37,1.056315,1.120251
69,1.000000000000000,1,1,4,2,-.2463162886757367,1,848,28.18379148211906,1,31,4.250660,1.007485
70,1.000000000000000,1,1,4,3,-.3950862169508713,1,848,14.92504675989422,1,1140,3.090875,2.123357
71,1.000000000000000,1,1,4,4,-.3025155086907177,1,848,9.737640447951293,1,1174,2.450354,1.217913
72,1.000000000000000,1,1,4,5,-.1834271954880032,1,536,5.653882697185430,1,1174,2.607131,1.469075
73,1.000000000000000,1,1,4,6,-.5612309858328918E-01,1,536,3.812032741890776,1,1200,2.023169,1.457373
74,1.000000000000000,1,1,4,7,-.3444480014116671E-01,1,251,4.347921172783828,1,1200,2.577670,1.276471
75,1.000000000000000,1,1,4,8,-.4148287954331456E-01,1,191,4.449320713824752,1,1200,3.136785,1.427592
76,1.000000000000000,1,1,4,9,.1245499620141899,1,139,5.676394144158407,1,1200,-16.83154,0.8427019
77,1.000000000000000,1,1,4,10,-.2417795237971102,1,139,1.007811638741456,1,1174,-0.2953065,19.16773
78,1.000000000000000,1,1,4,11,-.3584567027162332E-01,1,574,.7373755553176762,1,1013,4.537618,1.421917
79,1.000000000000000,1,1,4,12,-.1830108381707743E-01,1,139,.5525017483937941,1,1013,1.916039,1.171143
80,1.000000000000000,1,1,4,13,-.1404502132969075E-01,1,139,.3083435920743666,1,1013,2.367055,1.787601
81,1.000000000000000,1,1,4,14,-.4850738984440180E-02,1,191,.1831914051186868,1,1013,1.693385,2.060227
82,1.000000000000000,1,1,4,15,-.4931073727779373E-02,1,191,.6168631515519196E-01,1,1013,2.827667,0.8660289
83,1.000000000000000,1,1,4,16,-.6958561815276886E-03,1,1023,.3637461846600079E-01,1,1197,0.3188939,6.872292
84,1.000000000000000,1,1,4,17,-.1358703470268286E-02,1,191,.4758365606082166E-02,1,1013,9.594543,1.000819
85,1.000000000000000,1,1,4,18,-.3681143879570172E-03,1,191,-.3893164856074515E-02,1,1013,6.571665,0.8092059
86,1.000000000000000,1,1,4,19,.1881715175376713E-03,1,191,-.7354385554217090E-03,1,37,0.3255914,6.441902
87,1.000000000000000,1,1,4,20,-.1178942846289221E-04,1,1023,-.3418240806196640E-03,1,37,3.255130,1.407262
88,1.000000000000000,1,1,4,21,-.8518931478294066E-06,1,848,.2821699721432044E-03,1,152,0.2741362,2.282628
89,1.000000000000000,1,1,5,1,.2540496205726871E-01,1,1110,6.114967041772294,1,152,1.275883,1.205512
90,1.000000000000000,1,1,5,2,-.2029795391788015E-01,1,848,4.307980666577190,1,31,3.411072,1.029840
91,1.000000000000000,1,1,5,3,-.3292075087621729E-01,1,848,2.261685499897751,1,1140,3.309038,1.541658
92,1.000000000000000,1,1,5,4,-.3663305833406413E-01,1,848,1.427510993970537,1,25,3.426563,0.9209412
93,1.000000000000000,1,1,5,5,-.2815240591465900E-01,1,536,-.6976370846577759,1,1178,1.903018,4.012241
94,1.000000000000000,1,1,5,6,-.9193158906989006E-02,1,536,.3719174876608893,1,1174,2.117929,0.9701636
95,1.000000000000000,1,1,5,7,-.6800843736586829E-02,1,536,.2456377627784541,1,1195,3.100045,1.489899
96,1.000000000000000,1,1,5,8,-.2267387138281054E-02,1,536,.2144713490431661,1,1195,2.074828,1.349262
97,1.000000000000000,1,1,5,9,-.2131477365048610E-02,1,180,.2083499010362576,1,1200,1.957408,3.181464
98,1.000000000000000,1,1,5,10,-.2531152143716154E-02,1,180,.1971135803995495,1,1200,3.466746,1.450079
99,1.000000000000000,1,1,5,11,-.3175937727518495E-03,1,557,.1977396382284715,1,1200,-0.8619224E-01,1.746138
100,1.000000000000000,1,1,5,12,-.3279121622385008E-02,1,139,.1494468359695098,1,1200,-61.32030,0.9927348
101,1.000000000000000,1,1,5,13,-.2663038254327186E-02,1,139,.9394477285900073E-01,1,1200,5.278703,0.8730525
102,1.000000000000000,1,1,5,14,-.1086778889299754E-02,1,164,.4539044862610351E-01,1,1200,0.3213774,13.85185
103,1.000000000000000,1,1,5,15,-.1455681152532715E-02,1,139,.1986152580052256E-01,1,1200,8.137629,0.9496376
104,1.000000000000000,1,1,5,16,-.8500066602396175E-03,1,139,.5332665127371265E-02,1,1200,2.696704,6.757759
105,1.000000000000000,1,1,5,17,-.2733522026122211E-03,1,139,.3726286289412029E-03,1,1205,2.355368,0.8051952
106,1.000000000000000,1,1,5,18,.4928811548311823E-05,1,895,-.6190637762282182E-03,1,1205,0.4631724,7.719959
107,1.000000000000000,1,1,5,19,-.1974098301276279E-04,1,139,.1363431397787472E-03,1,1200,3.890038,0.9500371
108,1.000000000000000,1,1,5,20,-.5466072724662950E-05,1,139,.3405616409777136E-04,1,1200,2.186604,1.557955
109,1.000000000000000,1,1,5,21,-.1246464521150335E-05,1,139,.1101596771807046E-04,1,1200,2.250040,0.5044693
110,1.000000000000000,1,1,5,22,-.5990492254673090E-06,1,574,-.4222908430467751E-05,1,37,3.606816,0.1460268
111,1.000000000000000,1,1,6,1,-.5733085882677589E-02,1,255,.1737686028508336,1,31,1.012266,1.503435
112,1.000000000000000,1,1,6,2,.1916900988440492E-03,1,144,.9687193509145930E-01,1,152,2.687819,0.9802924
113,1.000000000000000,1,1,6,3,-.3248736993964245E-03,1,1110,.5255351078550981E-01,1,31,3.112599,1.219041
114,1.000000000000000,1,1,6,4,-.3585654927028130E-03,1,848,.3524962687041574E-01,1,1089,2.959109,1.057666
115,1.000000000000000,1,1,6,5,-.6498588608898218E-03,1,536,.1869625556278805E-01,1,1205,2.144385,5.770082
116,1.000000000000000,1,1,6,6,-.4033581209992367E-03,1,536,.7239941807098175E-02,1,1140,5.170661,0.8770058
117,1.000000000000000,1,1,6,7,-.3349119649197279E-04,1,180,.8367604950416895E-02,1,1205,0.4844596,5.380942
118,1.000000000000000,1,1,6,8,-.1334215116036731E-03,1,536,.2314846847753240E-02,1,1195,5.335067,0.9449354
119,1.000000000000000,1,1,6,9,-.2697240559178301E-04,1,848,.2006284796174653E-02,1,1195,1.729370,2.547065
120,1.000000000000000,1,1,6,10,-.1857970230709136E-04,1,848,.1939030586626176E-02,1,1200,2.593215,1.141206
121,1.000000000000000,1,1,6,11,-.1807998322012684E-04,1,180,.1923822023089427E-02,1,1200,3.489811,1.089679
122,1.000000000000000,1,1,6,12,-.4920609027904192E-04,1,139,-.1114021588985919E-02,1,916,1.697921,21.44917
123,1.000000000000000,1,1,6,13,-.1967043366257024E-04,1,557,.5315924416660940E-03,1,1195,7.707340,0.8495853
124,1.000000000000000,1,1,6,14,-.3589281160259947E-05,1,180,.6320681453697327E-03,1,1200,0.3740903,10.66281
125,1.000000000000000,1,1,6,15,-.1391062386916267E-04,1,139,.3323745810107588E-03,1,1200,8.880819,0.8063954
126,1.000000000000000,1,1,6,16,-.9820639627227133E-06,1,180,.3370154746357613E-03,1,1200,-0.2712273,3.249803
127,1.000000000000000,1,1,7,1,-.6300598347628596E-03,1,255,.8533404330926721E-03,1,178,1.000111,0.9815854
128,1.000000000000000,1,1,7,2,-.1171440221641769E-05,1,97,.3073194702174419E-03,1,1200,1.145569,1.647665
129,1.000000000000000,1,1,7,3,-.4017264403510344E-05,1,139,.2333522141893255E-03,1,1200,1.047093,12.25201
130,1.000000000000000,1,1,7,4,.4980659596770188E-06,1,139,.2427542649597924E-03,1,1200,-3.915885,0.8643323
131,1.000000000000000,1,1,8,1,.6271852465651035E-06,1,255,.2308455900022140E-03,1,1200,1.577478,1.016368
132,2.000000000000000,2,1,1,1,.2313009776139171,1,391,-82.33412512706812,1,1200,1.099769,1.266661
133,2.000000000000000,2,1,1,2,.5607611623941471E-01,1,156,-17.11078670679395,1,1163,1.799250,1.163257
134,2.000000000000000,2,1,1,3,.1070021950377566E-01,1,895,-4.772921646186229,1,1163,1.707357,1.448883
135,2.000000000000000,2,1,1,4,.1370843552466288E-02,1,1110,-1.407172640573683,1,1163,1.614871,1.219422
136,2.000000000000000,2,1,1,5,.5021181356246740E-03,1,1110,-.2151025742202347,1,1163,1.739465,1.175667
137,2.000000000000000,2,1,1,6,-.7697082829827628E-04,1,895,-.3419339110772205E-01,1,1163,1.542710,1.025427
138,2.000000000000000,2,1,1,7,-.1337461385169665E-04,1,895,-.8371286497135878E-02,1,1163,1.471064,1.442057
139,2.000000000000000,2,1,1,8,.1781970793535193E-05,1,1110,-.1464539477498610E-02,1,1163,1.227708,2.395237
140,2.000000000000000,2,1,1,9,.2156901957529559E-06,1,1110,-.2041116172955640E-03,1,1163,1.915363,0.8946066
141,2.000000000000000,2,1,2,1,.1138346924384044,1,391,-39.65055979407627,1,1200,1.109093,1.282453
142,2.000000000000000,2,1,2,2,.2782561271382571E-01,1,156,-8.127868274863165,1,1163,1.863596,1.158532
143,2.000000000000000,2,1,2,3,.4935340241412922E-02,1,895,-2.160529798874110,1,1163,1.707238,1.565397
144,2.000000000000000,2,1,2,4,.6997903042482888E-03,1,1110,-.5284709524050968,1,1163,2.111354,0.9203857
145,2.000000000000000,2,1,2,5,.2029251465702440E-03,1,1110,-.7287605846417489E-01,1,1163,1.753255,1.046849
146,2.000000000000000,2,1,2,6,-.3335541245450049E-04,1,895,-.1450281537844371E-01,1,1163,1.472034,1.150000
147,2.000000000000000,2,1,2,7,-.6242096262820928E-05,1,895,-.2700747723367758E-02,1,1163,1.239596,2.335843
148,2.000000000000000,2,1,2,8,.4605315166156293E-06,1,1110,-.5405776073470617E-03,1,1163,1.621528,0.9774550
149,2.000000000000000,2,1,3,1,.5602114485580904E-01,1,391,-19.53912080749907,1,1200,1.112009,1.280839
150,2.000000000000000,2,1,3,2,.1375849687803422E-01,1,156,-3.949410261502700,1,1163,1.863580,1.153492
151,2.000000000000000,2,1,3,3,.2459131084898068E-02,1,895,-1.047144241165698,1,1163,1.692310,1.616132
152,2.000000000000000,2,1,3,4,.3472726331900384E-03,1,1110,-.2617089055441617,1,1163,2.129853,0.9176334
153,2.000000000000000,2,1,3,5,.1033304892118715E-03,1,1110,-.3548901989537515E-01,1,1163,1.785658,1.024221
154,2.000000000000000,2,1,3,6,-.1619691819476958E-04,1,895,-.6248814673920148E-02,1,1163,1.605482,1.003235
155,2.000000000000000,2,1,3,7,-.2933080527209315E-05,1,895,-.1121838768995528E-02,1,1163,1.174123,2.666127
156,2.000000000000000,2,1,3,8,.1812054022860926E-06,1,1110,.1645332204578642E-03,1,1068,1.493653,1.282811
157,2.000000000000000,2,1,4,1,.2756127936265065E-01,1,391,-9.619962334391829,1,1200,1.114712,1.279626
158,2.000000000000000,2,1,4,2,.6799928561356758E-02,1,156,-1.906147014205849,1,1163,1.869651,1.143705
159,2.000000000000000,2,1,4,3,.1213703821638059E-02,1,895,-.5044740910050532,1,1163,1.683746,1.642133
160,2.000000000000000,2,1,4,4,.1718454265168307E-03,1,1110,-.1258443652247573,1,1163,2.161120,0.9145939
161,2.000000000000000,2,1,4,5,.5064667890533060E-04,1,1110,-.1649454114814145E-01,1,1163,1.820443,0.9994498
162,2.000000000000000,2,1,4,6,-.8146890464333696E-05,1,895,.2111494095980968E-02,1,1200,1.866289,0.8877735
163,2.000000000000000,2,1,4,7,-.1001462151954994E-05,1,895,-.7474630016244005E-03,1,1200,0.4939672,3.001958
164,2.000000000000000,2,1,4,8,.1294314360873847E-06,1,895,-.7424663508843499E-04,1,1163,3.283451,0.8636395
165,2.000000000000000,2,1,5,1,.1355550611624288E-01,1,391,-4.736138376791422,1,1200,1.116795,1.278860
166,2.000000000000000,2,1,5,2,.3357548280369169E-02,1,156,-.9199813361286844,1,1163,1.873681,1.136049
167,2.000000000000000,2,1,5,3,.5981965476506428E-03,1,895,-.2438540983869897,1,1163,1.676770,1.660337
168,2.000000000000000,2,1,5,4,.8337090498707905E-04,1,1110,-.6103035519721826E-01,1,1163,2.176071,0.9132679
169,2.000000000000000,2,1,5,5,.2467090834913858E-04,1,1110,-.8088322898473341E-02,1,1163,1.824389,1.000902
170,2.000000000000000,2,1,5,6,-.3833417976698767E-05,1,895,.1135866445880021E-02,1,1200,1.807334,0.9046947
171,2.000000000000000,2,1,5,7,-.1942361544503630E-06,1,895,-.7400024025219809E-03,1,916,-1.514819,1.629031
172,2.000000000000000,2,1,6,1,.6657819175055295E-02,1,391,-2.330008041068232,1,1200,1.118235,1.278318
173,2.000000000000000,2,1,6,2,.1654927861842907E-02,1,156,-.4437987071473138,1,1163,1.874541,1.131333
174,2.000000000000000,2,1,6,3,.2947949015289269E-03,1,895,-.1177703886379975,1,1068,1.669388,1.677680
175,2.000000000000000,2,1,6,4,.4010401629328528E-04,1,1110,-.2992427909140323E-01,1,1163,2.171574,0.9139725
176,2.000000000000000,2,1,6,5,.1204672316733250E-04,1,1110,-.4151569827457929E-02,1,1163,1.803837,1.025527
177,2.000000000000000,2,1,6,6,-.1769707464475440E-05,1,895,-.7203158827105128E-03,1,1163,1.608816,1.000097
178,2.000000000000000,2,1,6,7,-.3267487912802674E-06,1,895,-.1290590721304414E-03,1,1163,1.183053,2.613695
179,2.000000000000000,2,1,7,1,.3268622663932932E-02,1,391,-1.146305451739621,1,1200,1.119418,1.277899
180,2.000000000000000,2,1,7,2,.8156016056803541E-03,1,156,-.2141865609418092,1,1163,1.875126,1.127557
181,2.000000000000000,2,1,7,3,.1451363112606502E-03,1,895,-.5723878176568712E-01,1,1068,1.662589,1.692457
182,2.000000000000000,2,1,7,4,.1929833106917797E-04,1,1110,-.1463731315539694E-01,1,1163,2.168113,0.9143740
183,2.000000000000000,2,1,7,5,.5874389324197304E-05,1,1110,-.2084767912796805E-02,1,1163,1.794239,1.040992
184,2.000000000000000,2,1,7,6,-.8447746743495294E-06,1,895,-.3777887717271276E-03,1,1163,1.559006,1.034885
185,2.000000000000000,2,1,8,1,.1608493357739744E-02,1,292,-.5637736675866415,1,1200,1.120464,1.277610
186,2.000000000000000,2,1,8,2,.4018631899319844E-03,1,156,-.1034933282470751,1,1163,1.875668,1.124338
187,2.000000000000000,2,1,8,3,.7140644809638136E-04,1,895,-.2784151882880041E-01,1,1068,1.656462,1.705627
188,2.000000000000000,2,1,8,4,.9293969065773323E-05,1,1110,-.7156874121562856E-02,1,1163,2.163923,0.9147884
189,2.000000000000000,2,1,8,5,.2863351198931791E-05,1,1110,-.1042058403714831E-02,1,1163,1.785405,1.055940
190,2.000000000000000,2,1,8,6,-.4049233544294201E-06,1,895,-.1926385510632987E-03,1,1163,1.529907,1.054095
191,2.000000000000000,2,1,9,1,.7915489961286195E-03,1,292,-.2772366279704785,1,1200,1.121407,1.277411
192,2.000000000000000,2,1,9,2,.1979757467602693E-03,1,156,-.5004661872794949E-01,1,1163,1.876119,1.121555
193,2.000000000000000,2,1,9,3,.3511990564282371E-04,1,895,-.1355365400149925E-01,1,1068,1.650894,1.717371
194,2.000000000000000,2,1,9,4,.4479260184034432E-05,1,1110,-.3500769319754736E-02,1,1163,2.158813,0.9152641
195,2.000000000000000,2,1,9,5,.1396250423848089E-05,1,1110,-.5200398280749681E-03,1,1163,1.776729,1.071173
196,2.000000000000000,2,1,9,6,.1963461398021970E-06,1,1110,-.9725486333548108E-04,1,1163,1.509305,1.059477
197,2.000000000000000,2,1,10,1,.3893449578547829E-03,1,292,-.1363076742164656,1,1200,1.122269,1.277275
198,2.000000000000000,2,1,10,2,.9751637529891650E-04,1,156,-.2422128689023379E-01,1,1163,1.876504,1.119121
199,2.000000000000000,2,1,10,3,.1726885238540315E-04,1,895,-.6603257712066542E-02,1,1068,1.645848,1.727843
200,2.000000000000000,2,1,10,4,.2160876973455369E-05,1,1110,-.1712961080108370E-02,1,1163,2.153216,0.9157716
201,2.000000000000000,2,1,10,5,.6812121707387587E-06,1,1110,-.2590459112964729E-03,1,1163,1.768531,1.085628
202,2.000000000000000,2,1,11,1,.1914345008491825E-03,1,292,-.6696940952227427E-01,1,1200,1.123066,1.277199
203,2.000000000000000,2,1,11,2,.4801538408596969E-04,1,156,-.1175674594946062E-01,1,1163,1.877120,1.117030
204,2.000000000000000,2,1,11,3,.8485184096534503E-05,1,895,-.3221193927511181E-02,1,1068,1.641658,1.736631
205,2.000000000000000,2,1,11,4,.1045466175666954E-05,1,1110,-.8391104780400750E-03,1,1163,2.147395,0.9161670
206,2.000000000000000,2,1,11,5,.3325890287594240E-06,1,1110,-.1292072943054929E-03,1,1163,1.757302,1.099474
207,2.000000000000000,2,1,12,1,.9427806011350079E-04,1,1148,-.3290602439625228E-01,1,1200,1.123807,1.277151
208,2.000000000000000,2,1,12,2,.2363883846191885E-04,1,156,-.5705743354424008E-02,1,1163,1.877543,1.115190
209,2.000000000000000,2,1,12,3,.4169301836934467E-05,1,895,-.1572176543016544E-02,1,1068,1.637733,1.744683
210,2.000000000000000,2,1,12,4,.5060163109909286E-06,1,1110,-.4109400221240507E-03,1,1163,2.141864,0.9165715
211,2.000000000000000,2,1,13,1,.4650747350735954E-04,1,1148,-.1614978146357652E-01,1,1200,1.124535,1.277366
212,2.000000000000000,2,1,13,2,.1163268533586414E-04,1,156,-.2810177858262793E-02,1,1163,1.880708,1.113750
213,2.000000000000000,2,1,13,3,.2041139090716506E-05,1,895,-.7720799769014330E-03,1,1068,1.637065,1.750242
214,2.000000000000000,2,1,13,4,.2484249551448712E-06,1,1110,-.2016003315354898E-03,1,1163,2.138891,0.9160009
215,2.000000000000000,2,1,14,1,.2293353105876361E-04,1,1148,-.7925952076879057E-02,1,1200,1.125220,1.277516
216,2.000000000000000,2,1,14,2,.5722814461110377E-05,1,156,-.1376634653434447E-02,1,1163,1.882338,1.112624
217,2.000000000000000,2,1,14,3,.1000514094617017E-05,1,895,-.3786860920406621E-03,1,1068,1.635528,1.753644
218,2.000000000000000,2,1,14,4,.1215946692316340E-06,1,1110,-.9900169035352871E-04,1,1163,2.136426,0.9149452
219,2.000000000000000,2,1,15,1,.1130492346026350E-04,1,1148,-.3890129572008991E-02,1,1200,1.125863,1.277620
220,2.000000000000000,2,1,15,2,.2815017811297247E-05,1,156,-.6732000655129162E-03,1,1163,1.883501,1.111516
221,2.000000000000000,2,1,15,3,.4905857613258487E-06,1,895,-.1854571361841333E-03,1,1068,1.633817,1.751415
222,2.000000000000000,2,1,16,1,.5567278540874736E-05,1,1148,-.1923135897769756E-02,1,1200,1.126512,1.278185
223,2.000000000000000,2,1,16,2,.1388283912066643E-05,1,156,-.3443923322543371E-03,1,1163,1.891822,1.110014
224,2.000000000000000,2,1,16,3,.2389474764655519E-06,1,895,-.9367343204484065E-04,1,1068,1.634510,1.730042
